{
    "name": "root",
    "gauges": {
        "TwoTeamsTwoPlayers-v2.1.Policy.Entropy.mean": {
            "value": 6.1399407386779785,
            "min": 6.105594635009766,
            "max": 6.671864032745361,
            "count": 1882
        },
        "TwoTeamsTwoPlayers-v2.1.Policy.Entropy.sum": {
            "value": 122798.8125,
            "min": 121616.578125,
            "max": 144372.78125,
            "count": 1882
        },
        "TwoTeamsTwoPlayers-v2.1.Environment.EpisodeLength.mean": {
            "value": 12.23607427055703,
            "min": 10.792941176470588,
            "max": 12.54864864864865,
            "count": 1882
        },
        "TwoTeamsTwoPlayers-v2.1.Environment.EpisodeLength.sum": {
            "value": 18452.0,
            "min": 17768.0,
            "max": 19764.0,
            "count": 1882
        },
        "TwoTeamsTwoPlayers-v2.1.Self-play.ELO.mean": {
            "value": 1225.6650187534126,
            "min": 1179.7833049341764,
            "max": 1272.5549881921138,
            "count": 1882
        },
        "TwoTeamsTwoPlayers-v2.1.Self-play.ELO.sum": {
            "value": 924151.4241400731,
            "min": 894275.7451401057,
            "max": 1027504.1654081116,
            "count": 1882
        },
        "TwoTeamsTwoPlayers-v2.1.Step.mean": {
            "value": 18819990.0,
            "min": 9988.0,
            "max": 18819990.0,
            "count": 1882
        },
        "TwoTeamsTwoPlayers-v2.1.Step.sum": {
            "value": 18819990.0,
            "min": 9988.0,
            "max": 18819990.0,
            "count": 1882
        },
        "TwoTeamsTwoPlayers-v2.1.Policy.ExtrinsicBaselineEstimate.mean": {
            "value": -0.10364676266908646,
            "min": -0.20761950314044952,
            "max": 0.23311392962932587,
            "count": 1882
        },
        "TwoTeamsTwoPlayers-v2.1.Policy.ExtrinsicBaselineEstimate.sum": {
            "value": -78.25330352783203,
            "min": -172.94705200195312,
            "max": 171.80496215820312,
            "count": 1882
        },
        "TwoTeamsTwoPlayers-v2.1.Policy.ExtrinsicValueEstimate.mean": {
            "value": -0.11134658008813858,
            "min": -0.2384411096572876,
            "max": 0.24447834491729736,
            "count": 1882
        },
        "TwoTeamsTwoPlayers-v2.1.Policy.ExtrinsicValueEstimate.sum": {
            "value": -84.06666564941406,
            "min": -194.091064453125,
            "max": 180.1805419921875,
            "count": 1882
        },
        "TwoTeamsTwoPlayers-v2.1.Environment.CumulativeReward.mean": {
            "value": 0.0,
            "min": 0.0,
            "max": 0.0,
            "count": 1882
        },
        "TwoTeamsTwoPlayers-v2.1.Environment.CumulativeReward.sum": {
            "value": 0.0,
            "min": 0.0,
            "max": 0.0,
            "count": 1882
        },
        "TwoTeamsTwoPlayers-v2.1.Policy.ExtrinsicReward.mean": {
            "value": -0.14701986754966886,
            "min": -0.158311345646438,
            "max": 0.18588873812754408,
            "count": 1882
        },
        "TwoTeamsTwoPlayers-v2.1.Policy.ExtrinsicReward.sum": {
            "value": -111.0,
            "min": -120.0,
            "max": 137.0,
            "count": 1882
        },
        "TwoTeamsTwoPlayers-v2.1.Environment.GroupCumulativeReward.mean": {
            "value": -0.14701986754966886,
            "min": -0.158311345646438,
            "max": 0.18588873812754408,
            "count": 1882
        },
        "TwoTeamsTwoPlayers-v2.1.Environment.GroupCumulativeReward.sum": {
            "value": -111.0,
            "min": -120.0,
            "max": 137.0,
            "count": 1882
        },
        "TwoTeamsTwoPlayers-v2.1.IsTraining.mean": {
            "value": 1.0,
            "min": 1.0,
            "max": 1.0,
            "count": 1882
        },
        "TwoTeamsTwoPlayers-v2.1.IsTraining.sum": {
            "value": 1.0,
            "min": 1.0,
            "max": 1.0,
            "count": 1882
        },
        "TwoTeamsTwoPlayers-v2.1.Losses.PolicyLoss.mean": {
            "value": 0.016560682860047866,
            "min": 0.010739326213176052,
            "max": 0.025338445836678148,
            "count": 918
        },
        "TwoTeamsTwoPlayers-v2.1.Losses.PolicyLoss.sum": {
            "value": 0.016560682860047866,
            "min": 0.010739326213176052,
            "max": 0.025338445836678148,
            "count": 918
        },
        "TwoTeamsTwoPlayers-v2.1.Losses.ValueLoss.mean": {
            "value": 0.06664438719550768,
            "min": 0.000692791160933363,
            "max": 0.23499984939893087,
            "count": 918
        },
        "TwoTeamsTwoPlayers-v2.1.Losses.ValueLoss.sum": {
            "value": 0.06664438719550768,
            "min": 0.000692791160933363,
            "max": 0.23499984939893087,
            "count": 918
        },
        "TwoTeamsTwoPlayers-v2.1.Losses.BaselineLoss.mean": {
            "value": 0.07176394561926523,
            "min": 0.0003364749121828936,
            "max": 1.3289616266886393,
            "count": 918
        },
        "TwoTeamsTwoPlayers-v2.1.Losses.BaselineLoss.sum": {
            "value": 0.07176394561926523,
            "min": 0.0003364749121828936,
            "max": 1.3289616266886393,
            "count": 918
        },
        "TwoTeamsTwoPlayers-v2.1.Policy.LearningRate.mean": {
            "value": 0.0003,
            "min": 0.0003,
            "max": 0.0003,
            "count": 918
        },
        "TwoTeamsTwoPlayers-v2.1.Policy.LearningRate.sum": {
            "value": 0.0003,
            "min": 0.0003,
            "max": 0.0003,
            "count": 918
        },
        "TwoTeamsTwoPlayers-v2.1.Policy.Epsilon.mean": {
            "value": 0.20000000000000007,
            "min": 0.20000000000000007,
            "max": 0.20000000000000007,
            "count": 918
        },
        "TwoTeamsTwoPlayers-v2.1.Policy.Epsilon.sum": {
            "value": 0.20000000000000007,
            "min": 0.20000000000000007,
            "max": 0.20000000000000007,
            "count": 918
        },
        "TwoTeamsTwoPlayers-v2.1.Policy.Beta.mean": {
            "value": 0.005000000000000001,
            "min": 0.005000000000000001,
            "max": 0.005000000000000001,
            "count": 918
        },
        "TwoTeamsTwoPlayers-v2.1.Policy.Beta.sum": {
            "value": 0.005000000000000001,
            "min": 0.005000000000000001,
            "max": 0.005000000000000001,
            "count": 918
        }
    },
    "metadata": {
        "timer_format_version": "0.1.0",
        "start_time_seconds": "1693124520",
        "python_version": "3.9.9 (tags/v3.9.9:ccb0e6a, Nov 15 2021, 18:08:50) [MSC v.1929 64 bit (AMD64)]",
        "command_line_arguments": "C:\\Projects\\Venvs\\mlagents-02\\Scripts\\mlagents-learn config/TwoTeamsTwoPlayers-v2.1.yaml --run-id=t04",
        "mlagents_version": "0.30.0",
        "mlagents_envs_version": "0.30.0",
        "communication_protocol_version": "1.5.0",
        "pytorch_version": "2.0.1+cu118",
        "numpy_version": "1.21.2",
        "end_time_seconds": "1693143246"
    },
    "total": 18725.3775694,
    "count": 1,
    "self": 0.014564100001734914,
    "children": {
        "run_training.setup": {
            "total": 0.05721609999999999,
            "count": 1,
            "self": 0.05721609999999999
        },
        "TrainerController.start_learning": {
            "total": 18725.3057892,
            "count": 1,
            "self": 13.39406870034145,
            "children": {
                "TrainerController._reset_env": {
                    "total": 17.660045700008084,
                    "count": 95,
                    "self": 17.660045700008084
                },
                "TrainerController.advance": {
                    "total": 18694.117217699648,
                    "count": 810722,