{"count":1,"self":7719.1176191999994,"total":62098.503792799995,"children":{"InitializeActuators":{"count":160,"self":0.0050091,"total":0.0050091,"children":null},"InitializeSensors":{"count":160,"self":0.00098979999999999988,"total":0.00098979999999999988,"children":null},"AgentSendState":{"count":8810918,"self":93.816896,"total":747.92573199999993,"children":{"CollectObservations":{"count":141001600,"self":251.4557696,"total":251.45577329999998,"children":null},"WriteActionMask":{"count":141001600,"self":15.7952608,"total":15.7952608,"children":null},"RequestDecision":{"count":141001600,"self":124.38950399999999,"total":386.8578032,"children":{"AgentInfo.ToProto":{"count":141001600,"self":72.42304639999999,"total":262.468305,"children":{"GenerateSensorData":{"count":141001600,"self":190.0452608,"total":190.0452616,"children":null}}}}}}},"DecideAction":{"count":8810918,"self":52331.2431104,"total":52331.2421195,"children":null},"AgentAct":{"count":8810918,"self":1272.8368128,"total":1272.8367627999999,"children":null},"AgentInfo.ToProto":{"count":6462788,"self":9.2413136,"total":27.3755569,"children":{"GenerateSensorData":{"count":6462788,"self":18.1342432,"total":18.134243299999998,"children":null}}}},"gauges":{"TwoTeamsTwoPlayers-v2.4.CumulativeReward":{"count":6462788,"max":1.80000031,"min":0,"runningAverage":0.036824394,"value":0.2,"weightedAverage":0.207272828}},"metadata":{"timer_format_version":"0.1.0","start_time_seconds":"1693372887","unity_version":"2022.3.5f1","command_line_arguments":"C:\\Program Files\\Unity\\Hub\\Editor\\2022.3.5f1\\Editor\\Unity.exe -projectpath C:\\Projects\\Unity\\ml_agent_volleyball_test_01 -useHub -hubIPC -cloudEnvironment production","communication_protocol_version":"1.5.0","com.unity.ml-agents_version":"2.3.0-exp.3","scene_name":"SampleScene","end_time_seconds":"1693434986"}}