{"count":1,"self":3758.0230656,"total":22077.0744909,"children":{"InitializeActuators":{"count":160,"self":0.0040035999999999995,"total":0.0040035999999999995,"children":null},"InitializeSensors":{"count":160,"self":0.0009941,"total":0.0009941,"children":null},"AgentSendState":{"count":2949834,"self":31.9882112,"total":248.97929889999997,"children":{"CollectObservations":{"count":47205440,"self":84.5856768,"total":84.585678899999991,"children":null},"WriteActionMask":{"count":47205440,"self":5.4454747999999995,"total":5.4454747,"children":null},"RequestDecision":{"count":47205440,"self":37.909305599999996,"total":126.95993379999999,"children":{"AgentInfo.ToProto":{"count":47205440,"self":24.188595199999998,"total":89.0506267,"children":{"GenerateSensorData":{"count":47205440,"self":64.8620352,"total":64.8620323,"children":null}}}}}}},"DecideAction":{"count":2949834,"self":17599.4617856,"total":17599.4610707,"children":null},"AgentAct":{"count":2949834,"self":458.39539199999996,"total":458.3954174,"children":null},"AgentInfo.ToProto":{"count":2816532,"self":4.1170095999999994,"total":12.209637599999999,"children":{"GenerateSensorData":{"count":2816532,"self":8.092628,"total":8.0926280999999989,"children":null}}}},"gauges":{"TwoTeamsTwoPlayers.CumulativeReward":{"count":2816532,"max":0,"min":0,"runningAverage":0,"value":0,"weightedAverage":0}},"metadata":{"timer_format_version":"0.1.0","start_time_seconds":"1692949890","unity_version":"2022.3.5f1","command_line_arguments":"C:\\Program Files\\Unity\\Hub\\Editor\\2022.3.5f1\\Editor\\Unity.exe -projectpath C:\\Projects\\Unity\\ml_agent_volleyball_test_01 -useHub -hubIPC -cloudEnvironment production","communication_protocol_version":"1.5.0","com.unity.ml-agents_version":"2.3.0-exp.3","scene_name":"SampleScene","end_time_seconds":"1692971967"}}